Name,Age,City
,46.0,Veronicaton
Russell Foster,23.0,Sancheztown
Zachary Fowler,44.0,Alberttown
Wendy Craig,51.0,Aprilmouth
Susan Richard,,Port Jeffrey
Brian Lee,53.0,Melissafort
Mary Lam,52.0,Alexanderland
Monica Colon,22.0,Port Mary
Destiny Davis,40.0,East Laurieton
Brian Henderson,,Blairberg
Joshua Munoz,27.0,Hopkinsport
Brenda Shaw,28.0,West Michaela
,44.0,Ericachester
Marcus Riggs,46.0,Mullinsmouth
Ashley Leach,52.0,West Maryside
Sarah Adkins,46.0,Port Jillton
Zachary Mccormick,,South Carolyn
Janice Donovan,30.0,Morganchester
Evan Holden,44.0,Westmouth
Daniel Mcguire,45.0,Kochville
Victor Rivera,55.0,North Carloshaven
Beth Wood,21.0,Parkchester
Megan Smith,20.0,East Joshua
Taylor Mclean,28.0,South Jade
Katherine Nunez,20.0,Mannborough
Tracy Foster,55.0,Stewartfurt
Herbert Jackson,48.0,Kimberlystad
James Dougherty,36.0,Michaelchester
Karen Grant,48.0,Johnsonport
Katherine Matthews,52.0,Hermanton
Louis Fisher,27.0,South Sarahborough
Brian Gibbs,27.0,North Brittanyberg
Jasmine Adams,35.0,New John
Dr. Jason Mclean Jr.,27.0,Port Johnmouth
Margaret Taylor,19.0,New Micheal
Christopher Lee,39.0,Port Heather
Daniel Burnett,41.0,East Susanmouth
Anthony Leonard,47.0,New Stephanie
Kyle James,54.0,Port Rebecca
Brittney Campbell,57.0,North Alicebury
Bruce Davis,55.0,North Stephanie
Donald Juarez,20.0,East Ernestview
Theresa Davenport,32.0,Grahamberg
Natasha Duncan,27.0,Stephaniefort
Donald Brennan,56.0,West Ronnie
Sandy Cole,45.0,Haasmouth
Scott Short,30.0,Melindaville
Darin Goodwin,41.0,Griffinport
George Sawyer,21.0,South Carlosville
Madison Good,37.0,Tammymouth
Patricia Petersen,40.0,Lake Sheila
Brandon Byrd,38.0,Michaelberg
Alexandria Flores,33.0,Port Davidfort
Tom Adams,35.0,Hernandezberg
Kimberly Curry,49.0,Dunnfort
Daniel Murray,54.0,Thorntonport
Matthew Cruz,31.0,Gonzalezton
Robert Brown,58.0,East Bruce
Susan Arroyo,26.0,Douglasbury
Carmen Harris,40.0,Jonesmouth
Corey Long,19.0,Port Brandyton
Jennifer Rivera,37.0,Nelsonshire
Bonnie Roberts,25.0,North Brookeview
Jennifer Vasquez,26.0,East Pamela
James Rivera,22.0,West Jerrychester
John Bryant,55.0,Schmidtburgh
Danielle Haney,43.0,Cameronville
Stacie Schultz,19.0,Mitchellberg
Ashley Guzman,58.0,Chapmanshire
Kayla Pacheco,47.0,Lake Karen
Ana Mccall,32.0,Lake Selenastad
Johnny Gonzalez,60.0,East Marymouth
Christian Smith,53.0,Justinbury
Victoria Gordon,22.0,Johnsborough
Sonya Kane DVM,37.0,New Jasmineshire
Chad Griffith,57.0,Port Kathleen
Sarah Wilson,34.0,Richardland
Joshua Williams,19.0,Anthonyport
Sean Mueller,34.0,Christineburgh
Nancy Smith,45.0,West Catherineburgh
Gabriel Hubbard,45.0,Lake Christopher
Debra Rodriguez,31.0,Lake Dennisstad
Jason Arias,39.0,West Vanessashire
Brian Tucker,60.0,Annefort
Ryan Smith,54.0,New Cynthialand
Michael Baldwin,36.0,Susanborough
Leslie Thomas,25.0,South Loritown
John Berry,34.0,Montgomeryburgh
Chelsea Allen,52.0,North Courtneyfort
Matthew Perez,18.0,Kerrchester
Kimberly Edwards,44.0,New Tinaborough
Sarah Hunter,40.0,North Laurastad
Laura Jones,27.0,Youngside
Kristin Carpenter,59.0,South Aaron
Alfred Velez,51.0,Port Susan
Thomas Rodriguez,31.0,Richmondtown
Michael Morrow,36.0,Taylorberg
Dr. Vanessa Gentry,56.0,Jonathanfort
Donald Liu,53.0,Port Jessica
Joseph Andrews,21.0,West Jacquelinemouth
Robert Morris,48.0,Robertfort
John Wright,47.0,New Jennifer
William Craig,19.0,Stephanieview
Edwin Galvan,51.0,North Daniel
Vincent Edwards,19.0,Garyhaven
Steven Robinson,59.0,North Michaelmouth
Victor Mcintosh,55.0,Lake Rose
Anthony Smith,37.0,East Roberthaven
Brianna Garcia,45.0,Mcgeeberg
Derrick Lewis,41.0,Michaelshire
Stephen Frey,53.0,Cainport
Charlene Barron,54.0,Lake Michaeltown
Michael Powell,59.0,Danielmouth
Betty Wright,26.0,Rodriguezton
Wesley Barnett,54.0,Douglasstad
Rebecca Morris,52.0,North Aaron
Micheal Smith,52.0,Barrstad
Mason Walter,29.0,Port James
Madison Carter,29.0,Timothyville
Jason Pittman,28.0,Edwardfurt
Sharon Stokes,18.0,Villafort
Brent Willis,60.0,Aliciafort
Savannah Rodriguez,52.0,Huangborough
Kristina Hernandez,24.0,East Christinaberg
Jacob Spencer,51.0,Gardnerberg
Lawrence Morgan,20.0,West Jeremy
Amy Calderon,46.0,Rodriguezstad
Dana Pruitt,40.0,North Joshuachester
Christine Lynch,55.0,Karinaville
Charles Johnson,35.0,Lake Markberg
Michelle Manning,28.0,Michaelfurt
Anthony Clements,52.0,New Jennifer
John Preston,44.0,South Jessicahaven
Jennifer Herrera,36.0,Lewisberg
Jacob Davis,30.0,Simpsonborough
Melissa Hernandez,29.0,South Jamesport
Anna Cooke,48.0,Kennedyville
Anthony Meyers,29.0,Rodriguezmouth
Angela Klein,28.0,South Cynthiaville
Cindy Aguilar,55.0,Davenportfurt
Gregory Torres,19.0,Jillland
Roy Jacobs,25.0,Hayesburgh
Stacy French,51.0,Lake Mary
Zachary Martin,49.0,Nicoleville
Monica Silva,18.0,Brandyland
Alex Garrett,52.0,New Alex
Eric Garcia,52.0,West Matthew
Katherine Jensen,24.0,Port Jeremyton
Sarah Chambers,18.0,South Stephenbury
Brianna Martin,55.0,Port Susanshire
John Allen,19.0,Reedhaven
Allison Sanford,25.0,West Evelyn
Tyler Allen,51.0,Williamshaven
Brian Powers,26.0,East Leonardville
Norman Cunningham,33.0,Lake Dustinstad
Timothy Davis,33.0,Tracitown
Joseph Ferguson,25.0,Sethmouth
Garrett Martinez,34.0,Chenfort
Kendra Daniels MD,20.0,South Alexandra
Bonnie Reyes,36.0,Allenmouth
Hannah Lopez,31.0,Wilsonview
Ryan Powell,24.0,Davidmouth
Steven Kelley,37.0,Elizabethfort
Dylan Gill,46.0,Debraview
Sandra Lane,42.0,Alishaton
Carol Sweeney,51.0,Port Kaitlyn
Craig Rios,44.0,Elizabethbury
John Thompson,31.0,South Madison
James Turner,28.0,Bryanttown
Brandon Collier,42.0,Christopherville
Juan Stephens,33.0,North Christine
Mrs. Janet Huerta,40.0,East Michael
Megan Moran,43.0,Jonathanmouth
Michelle Olson,34.0,North Carolinemouth
Zachary Carter,30.0,Laurenmouth
Sarah Riley,55.0,Kimberlyton
Joseph Taylor,28.0,Penaberg
Jessica Sparks,49.0,Port Robertside
Mary Willis,45.0,Madisonhaven
Stephanie Thornton,47.0,South Deborahfurt
Cynthia Porter,45.0,Patriciafurt
Jeremy Bowen,44.0,East Cesar
Alexis Bradley,21.0,North Johnshire
Anthony Ingram,29.0,Jeffreyfort
Jacqueline Chase,58.0,South Brandy
Martin Guerrero,38.0,Christopherside
Johnny Mckinney,36.0,Wendymouth
Steven Hall,18.0,Johnsonfurt
Maria Stone,43.0,Stephanieshire
Nicolas Kelly,56.0,Christinatown
Nicholas Smith,38.0,Fosterborough
Shelby Harris,60.0,West Tamara
Hayley Rodriguez,53.0,East Jessicaview
John Walter,26.0,Kathyshire
Mike Randolph,43.0,West Danielton
Shari Scott,47.0,Thompsontown
Patrick Payne,41.0,North Abigail
Lee Perkins,24.0,South Vincent
Sean Sanders,57.0,Wrightburgh
Nicholas Hahn,46.0,Lake Alvinland
Anthony Simmons,53.0,Gregoryfort
Samantha Anderson,21.0,Richardborough
Benjamin Gonzales,19.0,East Luke
Jerry Deleon,35.0,South Christianland
Justin Wong,45.0,Seanmouth
Allen Baker,50.0,Shannontown
Traci Potter,23.0,Daltonberg
Jennifer Mcgrath,19.0,Moorebury
Benjamin Ortiz,53.0,Darrellchester
Thomas Ramirez,50.0,East George
Todd Fisher,59.0,Ellenland
Steven Marsh,21.0,East Jill
Stephen Flores,60.0,Pamelaburgh
Kenneth Herrera,23.0,Lake Judyville
Jeremy Nguyen,38.0,Joshuatown
Elizabeth Smith,21.0,Lake Erinmouth
Christopher Smith,37.0,Lesterstad
Richard Montoya,28.0,Craigmouth
Nicholas Rivas,20.0,New Jason
Pamela Carter,46.0,Johnsonstad
Brittany Alexander,44.0,Hectorburgh
Theresa Rivera,45.0,Christinebury
Frank Taylor,33.0,Mirandaland
Eric Miller,37.0,North Aliciafurt
Manuel Hill,49.0,Lake Denise
Brian Carpenter,55.0,Hernandezville
Jesse Larsen,60.0,Harristown
Catherine Mora,24.0,Morrisberg
Brandon Lopez,43.0,West Barbara
James Elliott,23.0,Lake Norma
Julie Tyler,27.0,Costaburgh
Gary Hogan,34.0,West Michelle
Joseph Underwood,34.0,Michaelchester
James Barnes,51.0,Darlenefurt
Joanne Murphy,60.0,West Wanda
Kevin Ward,20.0,West Nicole
Jennifer Campbell,46.0,Haneyfurt
Penny Navarro,20.0,Watkinsborough
Travis Lewis,52.0,Leahstad
Jeremy Fowler,30.0,South Meredithside
James Harrington,25.0,West Ashlee
Terry Cruz,43.0,Christophermouth
Sherri Alvarez,18.0,East Traci
Jeffrey Cook,33.0,Evanmouth
Christopher Matthews,32.0,Gonzalezshire
Anthony Brooks,31.0,Lucasfort
Ricky Allen,44.0,Craigshire
Kimberly Taylor,43.0,Owenstown
Julia Cox,59.0,New Ashleyborough
Daniel Jackson,31.0,Lake Carolville
Jesse Gallegos,55.0,Heidihaven
Brian Young,20.0,West Jeffrey
Beth Hobbs,38.0,Jessicaburgh
Donna Massey,51.0,North Lesliemouth
Richard Schmidt,18.0,Lake Joshuaville
Matthew Owens,21.0,Miguelberg
Richard Perry,29.0,Russellborough
Olivia Norris,25.0,Danielfurt
Francisco Lambert,18.0,North Stephen
Tony Gentry,51.0,South Kathleen
Danielle Richards,49.0,Port Zachary
Vanessa Murphy,59.0,Ericfurt
Sean Cooper,30.0,Shermanview
Christine Mcknight,33.0,North Tammy
Sandra Bailey,43.0,Port Christopher
Patricia Brown,58.0,South Aaronside
Bailey Long,28.0,Perezport
Ralph Ray,56.0,New Russell
Ryan Cruz,22.0,Lake James
Matthew Morrison,36.0,West Aaron
Mark Velez,41.0,North Jessica
Alexander Brown,52.0,Martinezview
Carl Cox,23.0,Lambertfurt
David Kelley,48.0,East Meganport
James Garrison,37.0,West Michael
Gregory Smith,22.0,Michaelland
Phyllis Gomez,55.0,New Walter
William Holland,48.0,Hurleymouth
Andrew Wilson,50.0,West Luis
Tonya Dickson,18.0,South Jacquelineburgh
Shane Ritter,18.0,Port Crystalborough
Jacob Gilmore,32.0,New Keith
Lawrence Young,33.0,East Bradshire
Alexis Galvan,26.0,Johnport
Nathan Craig,41.0,New Jeremy
Anthony Adams,45.0,Kinghaven
Kimberly Thomas,25.0,Dillonberg
Charles Johnson,32.0,Lake Jimmytown
Melissa Quinn,47.0,Lake Emily
Jody Martinez,41.0,South Kim
Natalie Morgan,47.0,West Deborahport
Abigail Golden,55.0,Marilynfort
Susan Green,23.0,Jenkinshaven
Suzanne Williamson,51.0,Andreastad
Lauren Navarro,38.0,Joeland
Shirley Ferguson DDS,47.0,Leville
Patricia Thomas,36.0,Christopherton
Elaine Andrews,19.0,Rileyshire
Kari Wilson,20.0,East Bridgetstad
Jonathan Curry,28.0,Andersonburgh
Thomas Hogan,31.0,South Nicoleburgh
Jamie Williams,59.0,Myershaven
Sarah Price,47.0,Lake Elizabeth
Lisa Dixon,51.0,North Laurieberg
Aaron Ross,42.0,East Jacobborough
Tina Torres,56.0,North Cameronbury
Marie Ortiz,57.0,Josephbury
Jimmy Huber,44.0,Lake Lindsay
Steve Macias,45.0,Wallerport
Christopher Chen,43.0,New Kaitlinville
Robert Norris,30.0,Fostermouth
Michael Johnson,19.0,Davidfort
Ann Rodgers,30.0,South Manuelborough
Tracy Smith,39.0,Shellyview
Patrick Houston,26.0,Meadowsburgh
Gerald Gill,54.0,Alanhaven
Kevin Rose,27.0,Salazartown
Brandon Wade,25.0,East Sherry
Dana Evans,19.0,South Melinda
Michael Evans,18.0,South Angela
Shaun Le,29.0,Jonbury
Ashley Hutchinson,58.0,East Amber
Shawn Hurst,21.0,Gibsonbury
Carolyn Jensen,52.0,Port Melissa
Kayla Rivera,34.0,Port Christopher
Joseph Pope,19.0,South Gabrielle
Michaela Guzman,39.0,South Amandabury
Crystal Wilson,36.0,Dennisland
Angel Combs,29.0,Lake Kaylamouth
Hannah Sparks,40.0,South Robertberg
Scott Wilson,60.0,Mendezfurt
Susan Green,32.0,East Heathermouth
Charles Gutierrez,46.0,South Marissa
Rachel Brady,47.0,Richardburgh
Brittany Parks,27.0,New Taylor
Joshua Mann,31.0,New Shannon
Gail Williams,33.0,Michaelton
Rodney Little MD,44.0,Barnesbury
Robert Frazier,47.0,Alexaburgh
Mark Tran,56.0,Caseyville
John Estrada,60.0,New Donna
Ryan White,36.0,West Denise
David Clark,47.0,Scottville
Sabrina Simpson,23.0,Sandraberg
Holly Strickland,19.0,Rogerport
Nicole Russo,54.0,Fosterbury
Sara Daniels,40.0,Lake Bethanymouth
Austin Mcmillan,50.0,South Gregorystad
Jack Humphrey,47.0,South Erin
Alicia Richards,53.0,South Kevin
Susan Grimes,44.0,Stewartborough
Daniel Williams,49.0,Ortegaville
Jessica Morrison,38.0,Lake Grant
Kim Jimenez,56.0,Levineberg
Joseph Kemp,35.0,North Angela
David Peterson,53.0,East Nancy
Dwayne Murillo,41.0,Kennedystad
Aaron Mcintosh,58.0,Hensleyville
Justin Sheppard,26.0,Sheltonville
Jennifer Eaton,51.0,North Michelle
Curtis Diaz,54.0,Lake Jeremy
Erika Cruz,30.0,South Elijahville
Ashley Bruce,28.0,West Jose
Misty Rivera,18.0,Lake Gregory
Shelley Richard,18.0,Brandyburgh
Joshua Saunders,22.0,Randyberg
Jared Wallace,38.0,East Robinville
Mr. Andrew Allen,20.0,New James
Elizabeth Brown,43.0,Moodyberg
Vincent Brown,40.0,New Juan
Jennifer Bruce,45.0,Jenniferfurt
Matthew Nelson,56.0,New Mariahaven
Krista Walter,52.0,East William
Reginald Perry,35.0,Cortezchester
Shannon Mcintyre,46.0,Timothyshire
Julia Fox,23.0,South John
Stephanie Holmes,50.0,South Krystal
Jennifer Smith,36.0,North Erin
Patricia Alvarez,36.0,Danielsfort
Amanda Cruz,37.0,Schneiderland
James Porter,23.0,West Charles
Karen Walters,51.0,South Jessicaview
Robin Johnson,49.0,East Theresa
Jason Castro,25.0,North Laura
Katelyn Moore,19.0,Morganburgh
Chelsea Coleman,58.0,Charlesport
Javier Brandt,54.0,North Gabrielstad
Zachary Gallagher DVM,31.0,Danielleshire
Alison Arias,30.0,Samueltown
Robert Savage,20.0,South Annastad
Francisco Williams,52.0,Port Darlene
David Wolfe,55.0,Donaldland
Monica Watson,33.0,Sandrashire
Joseph Gray,50.0,Brittanytown
Derrick Morrison,58.0,Lake Jennifer
Cindy Morrow,34.0,Douglasstad
Connie Williams,41.0,Mitchellville
Hailey Burgess,56.0,Molinamouth
Robert Foster,31.0,Lake Alexandra
Robin Morgan,18.0,Leemouth
Steven Oliver,55.0,Melanieport
Joseph Barnes,18.0,Kingland
Sarah Richardson,36.0,New Leslieborough
John Gonzales,36.0,Port Mariestad
Barbara Hayes,29.0,New Lisa
Vicki Long,58.0,West Yvonneland
Carla Miller,47.0,Port Kathy
Paul Torres,53.0,Scottton
Erica Burton,60.0,Estradamouth
Lisa Cordova,46.0,Brandonville
Julia Bowman,29.0,Jessicahaven
Matthew Hart,49.0,North Todd
Cindy Sanchez,41.0,Glennstad
Stephanie Castro,25.0,Winterston
Isaiah Matthews DVM,20.0,Lake Allisonland
Ryan Rivera,20.0,Port Christinetown
Jose Russell,50.0,Collinsmouth
Brittany Murphy,26.0,Smithville
Sandra Manning,24.0,Wendyview
Andrea Pacheco,24.0,Port Anthonymouth
Melissa Duncan,26.0,Morrisside
Christopher Dean,43.0,Colemanchester
Susan Prince,24.0,Gordonport
Keith Garcia,46.0,New Janetview
Christopher Walker,58.0,South Samuelmouth
Stephen Davis,39.0,Tranburgh
Mary Gross,23.0,Bergerchester
Sherri Jenkins,22.0,Rosestad
Craig Cox,31.0,West Lauren
Michael Carter,40.0,New Luis
Judy Miller,19.0,New Krystalberg
Ryan White,36.0,Lake Angelaton
Pamela Green,58.0,South Heathermouth
Gary Williams,27.0,West Jillport
Gabriel Reed,60.0,West Stephanie
Gregory Graham,50.0,Harveytown
Christopher Park,24.0,South Summerport
Patrick Bush,45.0,Lake Cynthiaborough
Misty Long,58.0,Kevintown
Robin Harvey,41.0,Brettberg
Daniel Dickerson,18.0,Stevenville
Amanda Vazquez,36.0,Richardsonfurt
Patricia Duran,50.0,North Michael
Maria Davis,42.0,East Anthony
Jeffrey Lester,52.0,Kaylaberg
Kari Navarro,47.0,Wangville
Brandi Mason,42.0,Lake Lauriemouth
Noah Joseph,46.0,New Jennifer
Ronald Ortiz,54.0,South Samantha
Lori Ellis,53.0,Lake Phillip
Patricia Stewart,43.0,Lauramouth
Lauren West,41.0,Lake Tiffanyborough
Bradley Harris,52.0,Denisestad
Laura Carlson,34.0,Maryburgh
Andrew Allen,26.0,North Dawnburgh
Kevin Campbell,21.0,West Brittany
Scott Holt,44.0,East Kaylaton
Sandra Baker,43.0,Reyesfurt
Chelsea James,57.0,West Robert
Beverly Mack,20.0,North Erictown
Anthony Silva,49.0,East Angela
Stephen Schroeder,60.0,South Kristachester
Craig Reeves,55.0,Ellisonhaven
Amy Gardner,25.0,Whitneyborough
Timothy Gonzalez,23.0,Cherylmouth
Thomas King,33.0,Freemanport
Amanda Ross,29.0,Fryeside
Katie Howell,51.0,Victoriafurt
Olivia King,46.0,South Raymondbury
Teresa Allen,55.0,West Tannerton
Marissa Sanchez,57.0,North Staceyton
Beth White,24.0,East Jerryville
Ashley Richardson,43.0,Sarahport
Michelle Goodman,28.0,Port Dominiqueport
Megan Petersen,52.0,Ronaldfort
Anthony Perry,20.0,Alvaradohaven
Dale Black,54.0,Ricemouth
Sandra Little,19.0,Jamiefort
Angela Fernandez,45.0,East Philipberg
Michael Bryant,25.0,Oneillland
Devin Doyle,49.0,North Marisaville
Michael Reed,24.0,Cruztown
Jonathan Smith,53.0,Ibarraview
Patrick Tanner,40.0,Gregorystad
Ashley Douglas,27.0,New Roger
Teresa Mcknight,34.0,East Brandon
Blake Smith,24.0,Randychester
Susan Gordon,52.0,North Andrewshire
Robert Henry,43.0,Lisaside
Teresa Rodriguez,43.0,Richardsonmouth
Adam Little,58.0,Lake Gabrielle
John Hernandez,37.0,East Manuel
Denise Rivera,49.0,Lake Jacobside
Travis Miller,24.0,South Barbara
Ronald Logan,51.0,Wallaceton
Melissa Ramos,38.0,New Jessefurt
Nathan Myers,19.0,Vanessaberg
Michael Willis,39.0,East Joanport
Bobby Hernandez,25.0,Lake Stephaniehaven
Shawn Cochran,27.0,New Aaron
Theresa Bradford,42.0,North Andrea
Nicole Smith,36.0,Michellechester
Kathleen Perez,41.0,Lake Jerry
Erica Smith,42.0,Robertchester
Casey Ross,38.0,Port Mary
Karen Smith,39.0,West Tina
Colton Thompson,24.0,Colleenshire
Thomas Mcdaniel,20.0,North Carlos
Joseph Boyer,41.0,Garciaberg
Rebecca Spencer,43.0,Lake Jordan
Dylan Ramirez,53.0,Masonton
Ashley Wells,39.0,Carrillomouth
Kevin Carter,51.0,Harrisview
Charles Smith,55.0,South Elizabethside
Paul Alvarez,20.0,Johnsonburgh
Anna Rice,21.0,Port Nicole
Jamie Yates,43.0,West Seanton
Michael Mitchell,58.0,Colemanberg
Maria Bolton,56.0,New Jack
Nicole Garcia,60.0,Port Rebeccafurt
John Pitts,51.0,Lake Josephmouth
Jane Owens,32.0,Anthonyview
Frank Nixon,39.0,North Christopherland
Mariah Villarreal,48.0,Wallaceborough
Hannah Jackson,18.0,Brownstad
Mr. Phillip House,53.0,Aguirreport
Angela Knight,38.0,New Austinmouth
Kim Davis,25.0,Woodsmouth
Patricia Jones,44.0,Richardburgh
Andrea Edwards,20.0,North Danielleborough
Kathryn Li,50.0,Romeroburgh
Jessica Cuevas,24.0,Davidfort
Tracy Taylor,58.0,West Vanessatown
Brittany Waters,36.0,Lake Susanshire
Mrs. Kimberly Adams,51.0,South Carolinestad
Toni Lane,46.0,East Jeffrey
Michael Nolan,31.0,Port Connie
Christopher Duarte,52.0,Nancychester
Kimberly Perkins,49.0,Lake Brian
Dr. Logan George,23.0,Danielbury
Rachel Rodriguez,42.0,Lake Karenside
Dr. Lawrence Patterson,23.0,Christinabury
Katherine Black,33.0,Teresashire
Sandra Morton,24.0,Port Joseph
Oscar Bond,41.0,North Colleenside
Andrea Jackson,23.0,Harveyland
Lisa Davis,43.0,Woodsbury
Richard Reed,60.0,West Laura
Justin Stevenson,58.0,East Davidville
David James,60.0,Garciahaven
Robert Baker DDS,60.0,Josephport
David Rush,32.0,Roberthaven
Thomas Compton,22.0,West Andrew
Leslie Scott,18.0,South Meganburgh
Luis Pruitt,29.0,North Katrinaton
Vincent Mccoy,42.0,East Danielview
Thomas Velasquez,46.0,Port Erika
Brandy Cordova,25.0,Willieville
Dawn Frey,31.0,South Johnland
Hunter Gonzales,19.0,South Alec
Eric Moore MD,50.0,Mooremouth
Jared Gibson,54.0,West Shannonview
Brandon Williams,38.0,Mcneilhaven
William Richardson,52.0,Jonesmouth
Jessica Lawson,44.0,New Carriefurt
Christopher Jackson,19.0,Lake Bryanbury
Justin Zhang,23.0,East Mario
Adam Morales,27.0,West Ariel
Justin Hughes,20.0,Cranefort
Eduardo Wright,45.0,Foxburgh
James Mason,36.0,North Elizabeth
Paul Romero,23.0,Port Darrellberg
Dawn Smith,20.0,North Debramouth
Laura Rivers,44.0,West Autumnberg
Laura Sanchez,35.0,Millerview
Joseph Campbell,37.0,New Larry
Adrian Dean,37.0,Lake Gregoryton
Christopher Owens,28.0,Port Derrickland
Paige Hunt,58.0,Port Ericborough
Kathryn Gordon,34.0,West Kristyland
Edward Welch,23.0,Barnettland
Caleb Kelley,38.0,Lake Renee
Joshua Stark,28.0,North Williamside
Jennifer Carpenter,60.0,South Teresachester
Emily Harris,37.0,Jamesburgh
Robert Thomas,50.0,Barnesberg
Willie Robinson,28.0,Lake Deborahtown
Daniel White,26.0,East Tamarashire
Amanda Tapia,38.0,South Maria
Angel Fuentes,41.0,New Davidhaven
Tim Ward,21.0,Port Graceshire
Laura York,27.0,Lake Brett
Jeffrey Jones,18.0,Donaldfurt
Lawrence Williams,52.0,South Christopher
Joseph Clark,46.0,West Tammy
Richard Moore,57.0,Lopezstad
Joshua Knight,52.0,Sandersberg
Luis Mann,22.0,Lake Jennifer
Joshua Bridges,57.0,Romerostad
Ryan Jimenez,18.0,New Jamie
Stefanie Smith,29.0,East Elizabethbury
Sandra Bailey,24.0,Martinland
Elaine Lyons,49.0,East Diane
Desiree West,58.0,Mauriceport
Nathan Woods,28.0,Kristinaborough
Kathryn Watson,20.0,South Matthew
Larry Peterson,50.0,Patriciastad
Nicole Sims,20.0,Mcdonaldborough
Eric Schneider,57.0,Smithtown
James Wilson,22.0,Robertsside
Connie Norris,51.0,Maldonadoland
Debra Day,23.0,Javierland
Linda Ortega,28.0,Port Vincent
Jonathan Dudley MD,40.0,West Peterland
Edward White,56.0,East Lisahaven
Johnathan Stuart,33.0,Lake Ginaberg
Patrick Gross,60.0,Jamiestad
Breanna Martinez,26.0,Kelliberg
Caleb Hodges,49.0,Jameston
Dustin Simpson,59.0,Elizabethmouth
Jackie Mcdonald,53.0,Jonathanchester
Amanda Callahan,36.0,New Jason
Adam Chapman,58.0,Lake Nicole
Jason Morgan,29.0,Gardnerville
Russell Bush,44.0,Johnchester
Lucas Jones,34.0,New Theresa
Michelle Young,30.0,South Brettshire
Kevin George,58.0,Samuelbury
Juan Finley,49.0,Danielborough
Patrick Anderson,37.0,Jacobsbury
Timothy Nichols,39.0,Justinfort
Chelsea Dawson,24.0,New Erinland
Shawna Murray,56.0,Reginaldborough
Michael Smith,32.0,Evansburgh
Bryan Murray,28.0,Kingshire
Sherry Sutton,54.0,Elliottton
Luke Smith,30.0,West Ronaldmouth
Jeffery Powell,41.0,Bryanland
Todd Robinson,34.0,Stephensonton
Jim Martinez,19.0,East Stephanieton
Jeremy Mills,60.0,Jenningsmouth
Kathryn Walsh,57.0,Port Kimberlyborough
Spencer Campbell,57.0,Joneston
Juan Ramos,43.0,Port Christopherbury
Robert Walsh,56.0,Willisberg
Brian Hughes,55.0,North Nathanielview
Kelly Andrews,54.0,Michelleland
Samantha Schneider,33.0,East Timothyview
Lindsay House,19.0,Huntshire
Nicole Meyer,46.0,East Sherryland
Mike Smith,29.0,East Roberto
Jeffrey Tucker,27.0,Macdonaldmouth
Connie Brewer,24.0,North Susan
Heather Jones,36.0,New Jennifer
Gabrielle Pennington,41.0,Port Michellemouth
Eduardo Roberts,48.0,North Noahstad
Jeremiah Jones,56.0,Webbville
Nathan Aguilar,48.0,Jamesport
Edward Valenzuela,32.0,Matthewland
Mary Flores,32.0,Sparksstad
Timothy Guzman,26.0,Adamsburgh
Jack Alexander,19.0,Murrayfurt
Jennifer Rios,23.0,Patrickport
Holly Lawrence,42.0,Lake Stephanie
Wendy Chavez,48.0,Laurachester
Joseph Newman,39.0,Port Michaelville
Lauren Olsen,36.0,New Thomas
Cindy Pennington,34.0,Holmestown
Mark Diaz,29.0,West Anthonyborough
Jacqueline Oneal,43.0,East Jeff
Tiffany Burton,18.0,Kaylashire
Courtney Clark,28.0,South Rachel
Sean Allen,45.0,Alexhaven
Kathy Guzman,50.0,Jeremiahshire
Clarence Jones,33.0,North Kevin
Lisa Payne,53.0,Lorifurt
Karen Patterson,19.0,Stevensside
Robert Pratt,27.0,Davidview
James Rush,25.0,Lake Ashley
Kenneth Johnson,56.0,Johnsonmouth
Justin Fleming,56.0,Joshuachester
Daniel Rodgers,27.0,Ryanshire
Valerie Garner DDS,30.0,Johnsonfort
Jennifer Espinoza,34.0,Fieldsmouth
Melissa Kim,43.0,South Amy
Robert Dillon,43.0,Josephview
Eric Smith,30.0,Lake Brian
Jeremy Duffy,41.0,North Juliestad
Erika Mcgee,29.0,Colechester
Tammy Alvarado,57.0,New Andrewbury
Sabrina Davis,49.0,Lake Heatherland
Amy Graham,55.0,South Teresa
Kenneth Perez,53.0,Davidbury
Sierra Garcia,51.0,Burketown
Robert Lloyd,36.0,North April
Lindsay Henry,60.0,Gomezmouth
Diana Browning,43.0,Port Johnathanhaven
Carlos Leonard,23.0,Piercefort
Dylan Allison,59.0,Lake Veronica
Adriana Simmons,57.0,Johnland
Melissa Murphy,52.0,Port Zachary
Bryan Fernandez,22.0,West Williamtown
Holly George,44.0,North Karentown
Sarah Mcguire,57.0,New Vanessastad
Amanda Green,46.0,North Brittney
Howard Hogan,30.0,South Ashleymouth
Karen Pham,59.0,Port Zachary
Sarah Schwartz,50.0,Christinaside
Michelle White,38.0,Jessicaborough
Joseph Mckay,24.0,Thomasmouth
Jessica Lutz,22.0,Lake Tracishire
Charles Hernandez,20.0,Amyview
Edwin Watts,53.0,Poolehaven
David Schaefer,53.0,North Jonport
Amanda Houston,43.0,Nelsontown
Diana Hall DDS,39.0,Port Carlton
James Myers,40.0,Pughside
Jeffrey Goodwin,28.0,Lake Kimberlyton
Katherine Williams,46.0,South Craigport
Michael Jones,52.0,West Brendan
Patrick Sparks,55.0,Jacksonhaven
Shannon Lee,47.0,New Davidborough
Miss Emily Lee,55.0,New Philip
Benjamin Keith,52.0,Shirleyton
Elizabeth Miller,31.0,New Susan
Ruth Duncan,34.0,North Julie
Kevin Williams,29.0,New Denise
Jacob Russell,33.0,New Joanna
Jill Brewer DVM,45.0,New Melissatown
Joel Faulkner,44.0,Hernandezburgh
Daniel Wilkins,37.0,West Bryanside
Malik Giles,50.0,Robertside
Robert Jones,46.0,Jasonport
Angela Horton,59.0,Josephland
Jerry Meza,44.0,Port Codyberg
Laura Pierce,19.0,North Steven
Krystal Weaver,59.0,Lake Nicolemouth
Elizabeth Christian,39.0,North Charlesland
Melissa Shelton,35.0,Christopherfort
David Simon,22.0,New Jackieside
Carolyn Phillips,43.0,South Laurenport
Don Smith,45.0,New Melissa
Jonathan Carlson,54.0,Woodfort
Patrick Jordan,57.0,Hollandview
Patrick Compton,44.0,Ericshire
Joseph Rodriguez,51.0,West Gerald
Hannah Grant,38.0,Carpenterville
Kevin Howell,52.0,East Carla
Cole Wolfe,46.0,New Carmenstad
Tyler King,19.0,East Amandatown
Amber Jackson,31.0,North Melaniefurt
Brendan Mejia,53.0,Port Marcus
Kevin Hunt,27.0,Johnbury
Katherine Sawyer,43.0,North Ianland
Kristin Lopez,48.0,Joshuashire
Amy Miller,58.0,New Stephenmouth
Christopher Turner,25.0,Gregoryland
Denise Jackson,58.0,East Jeffrey
Maria Gardner,28.0,East Steve
Annette Knight,25.0,West Jefferyfurt
Kevin Smith,46.0,South Spencerfurt
Tiffany Wagner MD,24.0,Douglasland
Katherine Martin,41.0,New Robert
Renee Hernandez,24.0,Allenland
Melissa Foster,42.0,Christensenview
Jennifer Hernandez,29.0,Adamburgh
Matthew Vasquez,30.0,Nicholasbury
Jasmin Clark,54.0,Shawnport
Daniel Martinez,56.0,West Tyler
Kyle Wade,47.0,Port Brianaborough
Thomas Ayala,21.0,Lewiston
Brittany Cabrera,46.0,South Alexandramouth
James Johnson,35.0,Jordanbury
Jeremy Anderson,55.0,Lake Kimberlymouth
Andrew Cross,36.0,Guerramouth
Morgan Goodman,46.0,North Jim
John Hill,40.0,Michealfurt
Michele Hoffman,56.0,Lake Coreyfurt
Joseph Kramer,55.0,South Kathleen
William Wilson,54.0,Fosterport
Linda Baker,43.0,New Melissastad
Christine Livingston,56.0,Henryview
Ronnie Scott,41.0,Elizabethport
Joel Powell,52.0,New Jeremyville
Kathleen Lucas,35.0,Barbaraport
Elizabeth Trevino,39.0,Shannonland
Bryan Beasley,40.0,Penafurt
Kathleen Trevino,31.0,Underwoodtown
Kimberly Ortiz,27.0,Garciafurt
Jennifer Perez,40.0,North Mariaville
Joshua Miller,41.0,New Stephanie
Tammy Stewart,53.0,East Michael
Jennifer Smith,60.0,Thomasberg
Maria Fry,50.0,New Jessicaborough
Mr. Wayne Reyes MD,58.0,Floreston
Alison Stephens,19.0,Brooksmouth
Brian Perkins,53.0,New Mindy
Timothy Barton,58.0,Alvaradoborough
Daniel Stevenson,19.0,Russellmouth
Amanda Cole MD,36.0,Richardchester
James Williams,46.0,Ruizstad
Benjamin Kennedy,51.0,Thomasshire
Amanda Patel,55.0,Jefferyport
Curtis Watson,22.0,West Mitchell
William Stewart,56.0,Rossland
Maria Guzman,34.0,Comptonburgh
Lori Smith,36.0,Port Keith
Samuel Elliott,49.0,Schneidershire
Natalie Thomas,19.0,Gonzalesbury
Robert Walter,51.0,Port Staceystad
Joseph Williams,30.0,South Stanleybury
Chase Moore,42.0,Lake Brian
Kathleen Phillips,27.0,Hobbschester
Sheila Hall,39.0,Fordshire
Daniel Ferguson,20.0,East Sheri
Ronald Mckenzie,34.0,Williamport
Shirley Rosales,28.0,Sarahstad
Willie Clark,24.0,South Dominiqueport
Cynthia Jenkins,24.0,Nancymouth
Michelle Johnson,47.0,Carrollview
Charles Clark,60.0,Carolinemouth
Henry Lozano,29.0,South Jenniferville
Jason Waters,59.0,Rhondaside
Douglas Bishop,29.0,North Jasonland
Tyler Williamson,42.0,East Stephen
James Mahoney,56.0,Jamesburgh
Carol George,31.0,Blaketon
David Espinoza V,28.0,New Chadview
Joshua Ingram,47.0,New Robert
Timothy Torres,46.0,Richardsontown
Michael Coffey,47.0,North Nathanport
Dana Obrien,46.0,West Caroline
Sheila Perez,30.0,West Holly
Phillip Carter IV,49.0,Odonnellville
Patrick Murphy,37.0,Pittmanville
Catherine Lopez,48.0,Port Joy
Sandra King,58.0,Port Theresaland
Anthony Burns,37.0,Martinezland
Sandra Jones,24.0,Wilsonchester
Jonathan Gonzalez,52.0,Lake Timothy
Heidi Elliott,35.0,Brianland
Tyler Crawford,55.0,East Jenniferborough
Cody Lambert,54.0,Port Cynthia
Stephanie Martin,53.0,Bradfordville
Victoria Nelson MD,42.0,Port Laurie
Gregory Ford,41.0,Pennyfurt
Candace Mccall,55.0,Montesport
Jacob Carr,25.0,South Kendramouth
Brandi Huang,19.0,Jimmyburgh
Virginia Trujillo,38.0,Michaelville
Julia Stout,60.0,South John
Jessica Thomas DDS,52.0,Louisview
Jeffrey Reyes,40.0,Lake Patriciamouth
Holly Stokes,21.0,Rogersview
Amy Tran,45.0,Buchananport
Anthony Suarez,24.0,South Ashleyport
William Fisher,39.0,Sierraton
Daniel Thompson,38.0,Amyhaven
Elizabeth Cook,40.0,Port Nataliefort
Cristina Gonzales,52.0,New Lawrenceton
Destiny Jenkins DDS,26.0,Graveston
John Kirby,40.0,East Sarah
Raymond Smith,42.0,East Hannah
Melissa Rivera,26.0,Morrisstad
Dennis Cortez,57.0,Lake James
Jasmine Boyd,29.0,Brucetown
Jessica Scott,23.0,Lake Katherinechester
Wyatt Perez,43.0,South William
Cynthia Thomas,59.0,Lake Christine
Nicholas Woodard,49.0,Brandontown
Jacqueline Davis,31.0,Montgomeryfurt
Stacey Hamilton,34.0,Joshuastad
Leah Johnson,46.0,Port Matthewland
Sabrina Wilcox,42.0,Coffeybury
Gregory Sandoval,44.0,North Monique
Alexandra Gomez,38.0,Port Samantha
Jose Rodriguez,40.0,New Douglasborough
Jared Gonzales,29.0,Robertview
Nichole Jackson,37.0,Port Michaelchester
Allison Jackson MD,46.0,Franciscoton
Jennifer Chambers,56.0,West Angelaville
Phillip Weber,53.0,South Angelica
Jamie Wilkinson,50.0,East Jessicatown
Austin Richardson,52.0,Smithfurt
Linda Bryant,25.0,Mortonshire
Kristina Nelson,55.0,Pruittfurt
Anna Alexander,22.0,Port Sarah
Thomas Martinez,50.0,Perkinstown
Travis Stokes,55.0,Heatherchester
Joshua Aguilar,23.0,New Toddside
Jeffrey Wilson,33.0,Mayotown
Ethan Spears,44.0,Lake Christophertown
Nichole Larson,58.0,North Zacharyside
Cynthia Campbell,49.0,Rollinstown
Brenda Wilkerson,38.0,North Kristin
Michael Matthews,46.0,Turnerhaven
Brianna Bennett,22.0,Vanceborough
Kayla Smith,42.0,Jessicaport
Patricia Phillips,60.0,Lake Annaberg
Belinda Carney MD,45.0,South Katelyn
Tiffany Howe,31.0,Port Madeline
William Jones,55.0,Tinafort
Richard Lee,46.0,Lake Marvin
Stephanie Gonzalez,24.0,Hernandezfort
William Schmidt,54.0,Howardton
Courtney Gonzalez,29.0,Lake Destiny
Gary Bullock,18.0,Blanchardside
Barbara Franklin,18.0,Andersonbury
Daniel Harris,57.0,New Roybury
Travis Brown,37.0,Roberttown
Ethan Schaefer,58.0,Jeffreytown
Crystal Smith,32.0,Derrickburgh
Charles Webb,23.0,Williamston
Amy Barnes,57.0,New Breanna
James Castro,42.0,Lake Jasonberg
Tammy Davis,40.0,Christensenberg
Patrick Barrett,21.0,West Carrie
Virginia Harris,54.0,New John
Kimberly Simpson,49.0,Jenniferburgh
Michael Nguyen,54.0,Kennedyfort
Richard Franklin,30.0,Danielview
Ryan Davis,24.0,Port Johnberg
Bryan Pham,25.0,North Michelleberg
Kimberly Jackson,49.0,Stacieview
Janice Gordon,18.0,Karenfort
Craig Robinson,31.0,Jessicachester
Susan Leon,42.0,East Thomastown
Bobby Wall,60.0,Jonathantown
Kelly Reyes,53.0,Spearsstad
Ronald Sanchez,20.0,Nathanielville
Ann Williams,59.0,Andreaview
Karen Scott,56.0,Griffinland
Taylor Williamson,43.0,Davidville
Sarah Moore,28.0,Deniseview
Angela Williams,26.0,Nicoleshire
Erica Oliver,54.0,East Tonyaview
Mason Henry,23.0,Baileyview
Joseph Brandt,41.0,Lake Steve
Benjamin Brooks,37.0,North Rebeccahaven
Edward Mullins,30.0,Clarkland
Anthony Soto,44.0,Dariuston
Kelsey Boyd,48.0,North Lisaton
Michael Hendricks,51.0,Andersonstad
Donald Rodriguez,59.0,North Bethville
Jessica Black,46.0,Christopherburgh
Kimberly Clark,25.0,Brownborough
Eric Spears,31.0,Kirbyport
Melanie Hudson,38.0,Port Waynefurt
David Liu,56.0,Brandonfort
Beverly Estrada,54.0,Morrisborough
Arthur Rodriguez,31.0,Blairborough
Brandon Clark,27.0,Lake Benjamin
Jennifer Wells,43.0,West Joyceberg
Mr. Robert Robinson MD,39.0,New Nicoleborough
Michelle Campbell,36.0,East Rebecca
Nathan Vazquez,32.0,East Dawnhaven
David Brooks,58.0,Salazarville
Peter Crane,35.0,Brianport
Diana Delacruz,39.0,Scottshire
David Nguyen,47.0,Christinamouth
Jon Gay,54.0,East Josephview
Marissa Roberson,30.0,East Michelle
Charles Baker,57.0,Lake Nichole
Courtney Hardin,20.0,Yumouth
Kristin Jones,46.0,Jamesberg
Joseph Fields,26.0,North Sarahbury
Danielle Tran,56.0,New Scott
Peggy Huerta MD,33.0,North Alyssa
Laura Cunningham,47.0,Lindastad
Michelle Harris,48.0,East Phyllisbury
Kenneth Johnson,35.0,Port Jake
Kristina Jones,42.0,Jacobberg
Christopher Flores,53.0,North Douglas
Dylan Taylor,50.0,West Alexis
Roberto Myers,18.0,North Jeremy
Cheryl Benson,48.0,Stevenfort
Beverly Brown,33.0,Lake Billy
Cathy Mendoza,25.0,North Jenniferton
Gabriel Combs,32.0,Debraberg
Jeffery Jenkins,42.0,East Zachary
Brenda Washington,55.0,Ryanborough
Jeremy Patrick,27.0,North Jillborough
Melinda Davis,40.0,Mclaughlinburgh
Julie Tucker,39.0,Allenville
Seth Oliver,58.0,East Kyle
Angela Lucas,23.0,Lake Donald
Pamela Romero,57.0,Cassandraside
Matthew Gonzales,23.0,Sanchezhaven
Darren Cook,29.0,Troystad
Tammy Lopez DVM,46.0,Angelaburgh
Teresa Bowen,43.0,Davidfurt
Lisa Barber,35.0,Johnmouth
Kyle Aguilar,22.0,Lake Alexandraburgh
Rachel Sexton,44.0,Lake Lonnieport
Justin Villanueva,31.0,West Teresaton
Holly Zimmerman,25.0,Sancheztown
Gary Edwards,29.0,South Julia
Amber Nichols,35.0,West Brittanyberg
Jorge Gutierrez,55.0,Lake Kristinamouth
Seth Edwards,20.0,South Douglas
