,Name,Age,City
0,Charles Rodriguez,49,Stephenview
1,Belinda Williams,24,New Christopherfurt
2,Vincent Leach,53,Townsendton
3,Thomas Willis,32,Lake Evan
4,Jennifer Hayes,58,Lake Kyle
5,Abigail Gomez,41,Nashtown
6,Cassandra Curtis,18,New Brandon
7,Charles Fisher,18,West Charlesview
8,Derrick Cardenas,47,Port Anthonyshire
9,Tracey Johnson,44,Natalieburgh
10,Mark Garcia,31,Lake Mary
11,Chris Little,54,West Lori
12,Michael Lawson,46,North Donaldshire
13,Joshua Obrien,37,East Amber
14,Anthony Smith,38,Josephburgh
15,April Cline,60,South Stacyburgh
16,Anthony Solis,34,Harringtonchester
17,Julie Davila,44,Simmonsberg
18,Michael Cook,48,Brownville
19,Tyler Thompson,19,Lisahaven
20,Charlene Clark,45,Danielland
21,Aaron Tran,43,New Tamara
22,Joel Roberts,18,West Hollyview
23,James Riley,44,Leachborough
24,Patricia Tucker,38,South Thomasfurt
25,Danielle Maldonado,28,Port Joshuaport
26,Patty Lamb,57,Macdonaldhaven
27,Nancy Ritter,31,South David
28,Jeffrey Hayes,55,North Stacy
29,Loretta Barton,46,South Carolynmouth
30,Matthew Blair,37,South Ashleyport
31,Julian Sandoval,42,Brandonfurt
32,Kayla Martin DDS,31,Lewisborough
33,Kayla Mccormick,30,Tiffanymouth
34,Matthew Hansen,47,Rachelfort
35,Mark Pollard,60,Lesliechester
36,Jonathan Morris,46,Coopershire
37,Patrick Jacobs,30,Jeanneton
38,Joseph Brown,57,North Daniellemouth
39,Brittany Fuller,41,Lake Ashley
40,Dennis Flores,26,West Brandiburgh
41,Alejandra Smith,50,Grossfurt
42,Donald Petersen,44,New Bethany
43,Jason Evans Jr.,35,Carterhaven
44,Emily Ramsey,52,West Lauraberg
45,Cheryl Chavez,46,North Hannah
46,Jordan Martin,24,Michelemouth
47,Jeremy Oliver,54,East Karenfurt
48,Judith Copeland,33,Lake Johnview
49,Carolyn Cole,51,North Chelsey
50,Austin Choi,23,South Tiffanychester
51,John Marshall,28,Edwardshaven
52,Kristina Erickson,50,New Michaelshire
53,Rebecca Higgins,25,New Jacob
54,Cameron Hicks,60,Chadfort
55,Laura Chavez,44,Benjaminfurt
56,Jennifer Jones,56,South Holly
57,Charles Floyd,43,Kellyland
58,Brandon Williams,37,Reevesmouth
59,Shari Avery,26,West Wendychester
60,Michael Johnson,46,Travisville
61,Renee Carlson,23,Joshuachester
62,John Butler,31,Karenside
63,Megan Vasquez,19,South Kenneth
64,Adrian Clark,40,Lake Jennifer
65,Kimberly Conway,56,Rachelland
66,Ashley Bradshaw,41,Samanthaberg
67,Thomas Bennett,23,Tonyborough
68,Cory Clark,46,Bryanstad
69,Dana Sloan,22,Victoriaview
70,Javier Bright,54,Donaldfurt
71,Jessica Hansen,37,Mcbridefurt
72,Amanda Johnson,37,West Toddville
73,Nicole Chaney,56,Hullside
74,John Armstrong,23,East Christopher
75,Richard Gutierrez,60,Port Marialand
76,Nathaniel Rogers,55,West Carl
77,Katherine Brennan,39,East Leah
78,Michael Yates,60,Jonesport
79,Kelly Smith,41,South Sarahborough
80,Jorge Hogan II,18,Port Kyle
81,Krystal Goodwin,47,Richardsonborough
82,Edgar Peters,45,West Anthonyside
83,David Love,54,Port Andrewtown
84,Jason Howell,37,Lake Robin
85,Peter Cobb,58,Annechester
86,John Solomon,35,Jessicaborough
87,Kari Nunez,19,Mcbridehaven
88,Andrew Coleman,47,Johnsonmouth
89,Gloria Berg,27,Brandonport
90,Jordan Williams,28,Adamburgh
91,Michael Garner,43,Robertmouth
92,Andrea White,34,Jordanburgh
93,Tammy Rios,18,East Brian
94,Julie Hays,26,Michelleberg
95,Ricky Allen,23,East Lisafurt
96,Michelle Burke,24,Daychester
97,Eric Robertson,44,East Steventon
98,Sabrina Hanson,21,Lake Nicole
99,Gregory Mccoy,59,Lindseymouth
100,Amanda Brown,22,East Whitney
101,Melanie Davis,35,Johnton
102,Lindsay Mendoza,59,Pattersonfurt
103,Rebecca Pena,18,Baxtershire
104,Wendy Gibson,18,Geraldville
105,Harry Robinson,42,Gabrielleburgh
106,Paul Price,60,West Courtney
107,Daniel Lopez,27,Jamesport
108,Melissa Wilson,28,South Aliciaburgh
109,Jeffrey Scott,32,Lake Laurenborough
110,Barbara Boyd,40,New Meaganfurt
111,Gavin Mays,29,New Laura
112,Linda Hunter,33,Thomasborough
113,Alyssa Garcia,35,Besthaven
114,Dr. Peter Johnson,60,East Michelleburgh
115,Anthony Jones,34,South Christopher
116,Brandy Morgan,51,New Rachaelshire
117,Briana Mullins,59,Johnsonburgh
118,Mrs. Brooke Johnson DDS,18,East Angelaburgh
119,Robert Wilson,19,South Marcus
120,Justin Bridges,18,South Jeffreyburgh
121,John Melton,21,West Gary
122,Connor Taylor,44,West Alexandershire
123,Jason Smith,24,East Karenside
124,Frank Armstrong,21,East Kayleefort
125,Jeremy Fox,53,Robinsonton
126,Michael Peck,56,Jeremyburgh
127,Sabrina Vazquez,28,New Kevinside
128,Steven Mcknight,50,East Miguelfort
129,Mike Singh,30,West Lindaview
130,Miguel Banks,38,Elizabethbury
131,Amber Hoffman,48,Howardburgh
132,John Jenkins,37,Williamsside
133,Timothy Johnson,49,North Stephanieton
134,Bruce Arellano,48,Port Kimberly
135,Carrie Patterson MD,50,South Tanner
136,Michael Jordan,56,Lake Paul
137,Mark Conley,38,East Cynthiaborough
138,Jesse Ray,26,Whitneyburgh
139,John Herring,33,Proctorfort
140,Deborah Johnson,60,South Kendramouth
141,Sean Smith,18,Sarahport
142,Deanna Castillo,25,Reedport
143,Bonnie Williamson,29,Tranville
144,Mariah Anderson,49,Lake John
145,Alexandra Bernard DDS,56,North Rebecca
146,Todd House,38,Watsonville
147,Caleb Garrett,58,North Scott
148,Melissa Schmidt,59,Whitemouth
149,David Gonzalez,20,North Debrabury
150,Mr. Eric Mack,23,Lake James
151,Melissa Peters,26,Lake Monica
152,Kenneth Hunter,20,South Jeffreybury
153,Dana Watkins,42,New Marieland
154,Patricia King,24,Lake Jenniferborough
155,Robert Ferguson,21,Port Briannabury
156,Brandi Thompson,42,Rebeccaton
157,Christine Roman,28,Lake David
158,Arthur Watkins,39,West Jennahaven
159,Jessica Richardson,40,Gonzalezshire
160,Peter Webster Jr.,37,Williamside
161,Eric Aguilar,47,Millshaven
162,Amber Bowman,33,East Rachel
163,Mr. Shane Arellano,33,Riveraland
164,Chloe Browning,26,West Stephen
165,Robert Olson,31,East Allisonberg
166,Alison Mcdonald,34,Morenohaven
167,Megan Mcclain,19,New Christopher
168,Amy Shaw,44,Cassieland
169,Belinda Phillips,50,New Bruceberg
170,Brian Gonzalez Jr.,41,Benjaminshire
171,Sabrina Gregory,27,Joneston
172,Stephen Wyatt,24,Staceyborough
173,Sandra Mcpherson,27,Courtneychester
174,Frank Yates,38,Ashleyhaven
175,Dr. Devin Miller,54,East Jeremyport
176,Brenda Johnson,23,Fernandeztown
177,Christopher Lopez,43,North Ericburgh
178,Jenna Huerta,25,Jimenezfurt
179,Jennifer Taylor,18,Williamston
180,Derrick Watts,48,East Sara
181,Tina Gomez,41,North Kevin
182,Laura Phillips,49,Lake Hailey
183,Kimberly Woodward,31,Fullerville
184,Jordan Cook,38,Michelefurt
185,David Gomez Jr.,26,Silvabury
186,Derrick Cook,60,Lake Carlosmouth
187,Amanda Gonzalez,43,Audreyton
188,Ashley Gonzalez,47,New Laurenfort
189,Dr. Susan Porter,22,Sotoberg
190,Lauren Johnson,43,Benjaminstad
191,Samantha Allen,27,Maryburgh
192,Nicholas Shaw,39,Port Philliptown
193,Brianna Williams,38,Vasquezstad
194,Debbie Armstrong,29,South Patriciaberg
195,Chelsea Villegas,40,Jamesville
196,Eric Ramirez,48,Randolphland
197,Benjamin Long,57,North Danielport
198,Michael Green,19,Welchburgh
199,Robert Romero,24,Gibsonview
200,Ricky Mcclure,49,Henryshire
201,Anthony Dixon,60,South Ronald
202,Craig Dunn,50,Lake Wanda
203,Andrew Jones,36,Randyhaven
204,Zachary Hanson,18,Danielshire
205,Susan Burton,40,East Angelabury
206,Joshua Jennings,22,North Matthew
207,Mrs. Dawn Carter,48,Wadebury
208,Jennifer David,38,Lake Louis
209,Jennifer Davis,51,Lake Brandy
210,Jonathan Vega,49,East Thomas
211,Paul Lee,25,Michaelside
212,Kyle Blankenship,29,Charlesstad
213,Timothy Mendoza,26,West Nicolebury
214,Eric Murillo,31,West Michelle
215,Angela Hatfield,33,East Bobby
216,Joseph Thompson,43,Jacquelinemouth
217,Gina Hurst,26,Matthewsmouth
218,Sandra Drake,40,New Josephburgh
219,Alexander Diaz,54,Ericahaven
220,Trevor Russo,19,Port Kaylachester
221,Alexander Martin,50,New Megan
222,Austin Cooper,31,Colemanbury
223,Brittany Diaz,39,West Rogerland
224,Chris Smith,45,Lewisstad
225,Diana Diaz,45,Brendaside
226,James Parker,57,West Renee
227,Allison Orr,33,Andrewshire
228,Michael Shelton,53,Strongport
229,Rebecca Hayes,20,Barberport
230,Lori Golden,56,South Erinchester
231,Daniel Rios,42,Nunezberg
232,John Khan,37,Jasonland
233,Sarah Klein,53,West Matthewchester
234,Juan Miller,38,Turnertown
235,Alexander Anderson,57,West Amandabury
236,Jackson Wells,31,Lake Davidland
237,Christine Ortiz,53,South Shawnburgh
238,Jennifer Nguyen,34,South Christopher
239,Eric Moore,19,Moorehaven
240,Alexandria Hoffman,39,South Gregory
241,Linda Nguyen,27,North Karenland
242,Timothy Martin,50,Victoriaberg
243,Theresa Lewis,28,Brianmouth
244,Ralph Rogers,30,South Janet
245,Sarah Henson,30,New Johnchester
246,Mary Landry,45,Aaronview
247,Jean Jones MD,25,Maureenmouth
248,Erik Tyler,47,East Maria
249,Jessica Morgan,38,Leeburgh
250,Laura Palmer,55,North Jennifer
251,Frederick Mcdaniel,19,Stephensview
252,Seth Gonzalez,42,Port Joanchester
253,Kara Alvarez,20,Josephport
254,Leslie Phillips,35,Timothyshire
255,Linda Lozano,34,Smithtown
256,Jose Perez,29,Coryville
257,Danielle James,59,East Ian
258,Samantha Dillon,27,Jillstad
259,Kendra Ramos,52,South Chrisview
260,Angela Barry,31,Wellsville
261,Anna Rivera,37,Allenshire
262,Robert Sanford,38,New Anthony
263,Laurie Frazier,55,North Adam
264,Theresa Adams,27,New Jackport
265,Jessica Jones,52,Charlesview
266,Julian Norton,49,Williamstad
267,Stephanie Fox,28,Lake Daniel
268,Amanda Morales,33,Sergiotown
269,Gregory King,24,Josemouth
270,Michele Luna,35,Hamiltonborough
271,Jeanne Hanna,47,East Emilyburgh
272,John Le,20,New Nicoleshire
273,Krystal Sweeney,49,Mullinstown
274,Ann Johnson,35,Lake James
275,Tracey Moss,57,Angelahaven
276,Joshua Rodriguez,39,New Rebeccamouth
277,Rebecca Jenkins,49,Torresshire
278,James Flores,60,Trevorland
279,Kelsey Larson,22,Samanthaside
280,Carol Gutierrez,50,East Kathleen
281,Juan Green,51,South Eric
282,Ryan Edwards,50,Hannahland
283,Karen Brown,31,Port Jessicaberg
284,Angela Thompson,47,Jasonport
285,Rebecca Turner,26,North Christy
286,Deanna Davies,49,New Jeffrey
287,Christopher Smith,23,Grayshire
288,Dr. Amanda Barker,39,Travisshire
289,Rebecca Johnson,55,East Richardbury
290,Anthony Miller,30,New Brianview
291,Gary Chan,27,Jamestown
292,Morgan Holmes,18,Port Meghanmouth
293,Tracy Hickman,52,Vaughnfurt
294,Kimberly Shepard,58,North Zacharybury
295,Natalie Foley,40,Lake Heather
296,Tiffany Snyder,44,Debrafort
297,Corey Adams,29,New Jason
298,Alexander Bright,49,Jamiehaven
299,Peter Baker,56,South Crystal
300,Alex Gonzalez,32,South Allenborough
301,Sandra Carrillo,49,Stevenburgh
302,Katie Hess,18,Crystalburgh
303,Scott Armstrong,32,Adrianhaven
304,Shane Mcdaniel,48,North Melissa
305,Rebecca Campbell,25,Lake Russellshire
306,Joel Smith,20,New Roberthaven
307,Mason Harris,42,Jasonmouth
308,Sheila Vega,54,Lake Darlenefurt
309,Tracy Williams,29,Port Oscar
310,Krista Herrera,43,East Tanya
311,Briana Lambert,39,West Karenmouth
312,Aaron Matthews,27,Joneston
313,Keith Porter,22,Marquezburgh
314,Alexandra Hunter,43,Michelleton
315,Steven Davis,35,Port Maryfurt
316,Mia Pratt,59,Amandaland
317,Jeffrey Aguirre,47,Port Christopher
318,Benjamin Bryan,21,Martinside
319,Brenda Gross,30,Benjaminbury
320,Miguel Weiss,20,North Victor
321,Peter Jones,24,Johntown
322,Jim Palmer,46,South Jamesfort
323,Johnathan Mayer MD,27,Port Christopher
324,Austin Thomas,36,New Katie
325,Jeffrey Mills,35,Lake Victoria
326,Sarah Casey,35,New Brianhaven
327,Nicholas Luna,45,Christineville
328,Timothy Combs,49,Shawnview
329,Kurt Ross,59,Robertchester
330,Jerry Taylor,58,New Timothy
331,Jennifer Wilson,38,South Nathan
332,Wayne Arnold,42,Lucasville
333,Denise Ho,33,Kelleyview
334,Marcus Allen,26,Debbieberg
335,Michael Miller,43,Timothyport
336,Emily Jennings,48,West Jasmine
337,Ronald King,35,Jasonside
338,Robert Cohen,43,West John
339,Suzanne Clayton,31,Sanderschester
340,Amanda Ray,46,Jordanton
341,Tamara Tucker,59,Smithshire
342,Richard Perez,42,Sarahberg
343,Allison Davis,26,New David
344,Kelly Maynard,50,West Donald
345,Elizabeth Garcia,34,Adamville
346,Jordan Hebert,23,Penaberg
347,William Oconnell,26,West Brian
348,Sarah Dunlap,47,East Seanfort
349,Justin Harrison,52,Port Sean
350,Diane Holt,57,Grossstad
351,Joshua Swanson,33,East Keith
352,Lisa Lee,33,New Andrewfurt
353,Christopher Deleon,58,Ashleyville
354,Jessica Chen,33,Tylermouth
355,Kimberly Benton,20,Aguilarburgh
356,Christine Aguilar,52,North Meredithport
357,James Sanchez,42,Port Elizabeth
358,Jessica Wolf,53,Lake Marcusville
359,Sara Martinez,56,Johnmouth
360,Charlene Khan,47,Chaseville
361,Alicia Grant,52,North George
362,Jennifer Oliver,58,Wrightburgh
363,Pamela Anderson,32,Griffinberg
364,Michael Patton,22,Paulaburgh
365,James Hatfield,53,Saraland
366,Jonathan Gutierrez,58,West Tinafort
367,Lindsay Mathews,20,Carterfort
368,Patrick Spencer,56,Laurachester
369,Suzanne Moore,38,Watsonborough
370,Paul Carrillo,27,East Nicholas
371,Susan Woodward,41,North David
372,Melody Taylor,35,Johnsonfort
373,Nicole Anderson,19,Port Jessicachester
374,Amber Hoffman,59,South Ryan
375,Rebecca Proctor,40,West Bradland
376,Anthony Skinner,43,East Richard
377,Sherry Medina,36,Port Maryside
378,Jasmine Sullivan,27,Triciaport
379,Cheryl Hart,39,Ashleymouth
380,Timothy Rodgers,32,South Thomas
381,Tanya Jones,42,West Maryville
382,Erik Thompson,32,Scotttown
383,Jonathan Blankenship,33,New Henry
384,April Velazquez,39,Huntshire
385,James Alvarado DDS,34,Martinland
386,Kayla Haynes,29,Maldonadoberg
387,Jamie Ramirez,40,Lauraton
388,Jacqueline Munoz,40,Angelastad
389,Lisa Richards,32,Port Marcus
390,Jamie Martin,56,Danielside
391,Lindsay Webb,27,North Richardfort
392,Tiffany Jacobs,57,Johnton
393,Marie Stephens,40,Kingtown
394,Michael Brown,29,Stephenland
395,Alicia Waters,40,Shorttown
396,Sarah Elliott,21,Thomasmouth
397,Stacey Lopez,26,Stephanieton
398,Steven Stevenson,44,Barkerfort
399,Michelle Cox,51,New Tamara
400,Mercedes Smith,54,East Jeffrey
401,Debra Wilson,45,Davenportberg
402,Darren Khan,30,Port Cherylhaven
403,Dawn Marsh,35,New Jenniferstad
404,Anna Blair,46,Thomaschester
405,Paul Hughes,33,East Suetown
406,Lisa Mcclure,52,Delgadomouth
407,Matthew Bailey,56,Maysside
408,Melissa Cole,52,South Mackenzieberg
409,Jorge Bruce,39,Garciachester
410,Antonio Fernandez,27,Susanport
411,Brian Henderson,43,Bakerport
412,Teresa Moore,33,East Andrewmouth
413,Michael Atkinson,22,Lucasside
414,Katherine Fisher,45,Melissaton
415,David Hunt,29,West Ashley
416,James Carlson,46,Garytown
417,Allison Clements,21,South Andrewstad
418,Crystal Lindsey,27,South Teresaview
419,Michael Conrad,49,Leehaven
420,Richard Cox,21,North David
421,Robert Livingston,22,Watsonton
422,Linda Thomas,35,New Scottton
423,Dawn Crawford,28,Port Richardfort
424,Jessica Harris,47,Downsberg
425,Kylie Lewis,59,Port Mitchell
426,Ronald Aguilar,44,Adamsmouth
427,Jennifer Carroll,34,New Shawnchester
428,Jacob Irwin,50,Joneston
429,Richard Miles,45,Jamesmouth
430,Justin Lopez,22,Sandersstad
431,Paul Mcguire,31,East Shannon
432,Mark Freeman,22,Fergusonland
433,William Garcia,50,Port William
434,Christine Ray,42,New Eddie
435,Brittany Foster,53,Lawrenceland
436,Mark Reynolds,37,Port Danielle
437,Sharon Morris,60,Lake Danielmouth
438,Christine Barnett,42,Boydside
439,Dennis Ewing,29,Alejandrohaven
440,Brittney West,53,Port Matthewmouth
441,Robert Wang,37,Bellborough
442,Shawn Castillo,58,Matthewstad
443,Matthew Cook,46,Matafort
444,Kevin Saunders,34,Allisonhaven
445,Wendy Garcia,31,New Courtney
446,Jamie Parker,29,East Regina
447,Margaret Berry,56,Timothystad
448,Johnathan Johnson,56,East Kellyshire
449,Karen Wilkins,35,South Mark
450,Eric Blake,41,Brownhaven
451,Jodi Montgomery,57,Port Jefferychester
452,Robert Meyer,44,East Carolburgh
453,Tracy Johnson,35,East Kristina
454,Kathryn Potts,30,Jenniferfurt
455,Suzanne Miller,31,West Savannah
456,Mason Parker,44,Jeffreyton
457,Dawn Jones,42,South Stephen
458,James Shepherd,24,Wangmouth
459,Monica Cunningham,31,Collinsburgh
460,Robin Reynolds,50,Robertport
461,Michael Parker,39,Blackville
462,Joe Kelley,51,Donnachester
463,Sara Franklin,36,Lake Thomas
464,Gregory Mitchell,41,Carlsonshire
465,Savannah Reyes,54,East Angelaborough
466,Sean Gutierrez,54,Berryberg
467,Lisa Sanchez,36,Brownton
468,Michael Jacobs,57,Caldwellberg
469,Russell Jones,31,South Seanchester
470,Terry Smith,28,North Michelle
471,John Bernard,38,East Paul
472,Jeffrey Smith,43,Andrewhaven
473,Stephen Robinson,35,Kyletown
474,Natasha Rodriguez,60,West Francisco
475,Cole Thompson,43,Margaretport
476,Sophia Baker,59,Michaelton
477,Victoria Rhodes,54,East Ricardo
478,Clayton Brown,31,Port Jennaport
479,Franklin Davis,44,Lake Rebecca
480,Brian Goodman,53,Starktown
481,James Cross,52,Jennashire
482,Brooke Shepherd,36,North Patriciaborough
483,Emily Tapia,47,North Barbara
484,Barry Knight,21,Mannfort
485,Virginia Smith,21,Lake Brandonland
486,Patty Bruce,35,Staceyborough
487,Wesley Brooks,25,South Kaylaburgh
488,Amanda Blackburn,28,South Kellihaven
489,Lisa Jones,40,West Tina
490,Kimberly Francis,60,Jimenezside
491,Heather Giles,21,Chrisview
492,Debra Butler,32,Lake Jack
493,David Dickerson,22,Lake Jesusbury
494,William Horn,35,West Joshuaside
495,Alan Williams,35,Reedchester
496,Jasmine Smith,34,Wheelerside
497,Christine Fisher,50,Shannonmouth
498,Larry Nguyen,34,Morrisfurt
499,Richard Green,56,New Gregory
500,Russell Ryan,59,East Evan
501,Patricia Johnson,39,Larrystad
502,Andrew Sullivan,57,North Melissa
503,Michael Gray,42,Hamiltonton
504,Jennifer Novak,18,New Tina
505,Ronald Powers,33,Port Andrew
506,James Wolfe,44,Lake Krystal
507,Sarah Moore,35,Lake Johnshire
508,Savannah Oneill,59,East Jamie
509,Anthony Stokes,52,Jeffreyshire
510,Jessica Brown,49,Josephmouth
511,Steve Williams,43,Scottshire
512,Robert Ford,39,Stephanieland
513,Terry Baldwin,46,Danielleview
514,Dana Pham,51,Andersonbury
515,Jessica Rodriguez,29,Reginaldchester
516,Brandon Tucker,23,Elizabethport
517,Jennifer Chavez DDS,35,West Steven
518,Veronica Keith,59,West Robertberg
519,Bradley Owens,39,Lauratown
520,Stacey Casey,25,New Kelseyton
521,Samuel Hudson,28,Deborahborough
522,Kimberly Wheeler,53,South Jeffreystad
523,Margaret Daniels,27,South Katrina
524,Allison Harris,24,Lindatown
525,Jessica Carter,22,East Patriciahaven
526,Thomas Williams,32,Port Dominictown
527,Maria Chang,39,Port Johnnyside
528,Felicia Mills,36,Hartbury
529,Katherine Hughes,23,Rodneytown
530,Jennifer Ramos,27,North Gabriellebury
531,Zachary Pierce,34,West Austin
532,Raymond Wong,19,Gileschester
533,John Robinson,50,Bishopview
534,James Williams,42,Doylebury
535,Tracy Williams,47,South Kathleenborough
536,Gloria Holloway,43,South Michael
537,William Young,53,Lake Scott
538,Chad May,39,South Johnview
539,Casey Kirk,37,West Erin
540,Jason Fernandez,39,North Joanna
541,Susan Wright,38,South Melissamouth
542,Christopher Byrd,29,Jamieside
543,William Steele,58,Nathanborough
544,Patrick Simon,44,South Joseph
545,Karina Whitney,24,Meganchester
546,Juan Morgan,47,South Hannahstad
547,Michael Johnson,36,North Nicolefurt
548,Dennis Evans,58,North Erica
549,Peter Jones,34,Port Melinda
550,John Hayes,41,Sandraberg
551,Michaela Mejia,47,Port Curtis
552,Juan Turner,44,Mckenziemouth
553,Adriana Diaz,20,New Melanieberg
554,Erica Brown,47,Thompsonton
555,Brent Webster,26,New Theresa
556,Mark Mitchell DDS,36,North Markshire
557,Rachel Lynn,55,North Richardland
558,Gregory Watkins,31,Virginiabury
559,Pamela Davis,32,Stephanieport
560,Mark Williams,27,East Elizabethville
561,John Whitaker MD,36,South Nicole
562,Jason Massey,44,South Jeremiah
563,Sheila Webb,26,East Christopherfort
564,Robert Evans,34,South Benjamin
565,John Vasquez,33,Amandastad
566,Darryl Williams,38,Aguilarbury
567,Angela Rivera,32,Fishershire
568,Dakota Mercer,49,Ryanchester
569,Jill Wilson,45,Nicoleville
570,Darrell Smith,18,South Briannamouth
571,Dalton Andersen,34,North Davidville
572,Lisa Johnson,49,New Courtneyview
573,Robert Perez,32,Heatherfort
574,Brandy Fox,46,Garciaside
575,Ashlee Simpson,43,Richland
576,Gloria Smith,44,New Michael
577,Crystal Montgomery,19,Port Rachel
578,Mary Osborne,48,Port Dianafort
579,Marvin Baker,41,Williamsmouth
580,Thomas Smith,30,West Henry
581,Sarah Gordon,31,North Davidmouth
582,Kathleen Jones,28,Underwoodborough
583,Evelyn Howell,53,West James
584,Patrick Charles,42,Port Tristanburgh
585,Kevin Hardy,43,East Julieberg
586,Deborah Lane,31,Andrewhaven
587,Bobby Rivera,38,West Walterbury
588,Emma Miller,34,New Valeriefort
589,Rebecca Knox,22,Lake Seanbury
590,Kristen Hernandez,40,Cameronland
591,Elizabeth West,47,Tiffanyland
592,Cheryl Becker DDS,38,Osbornefurt
593,Jennifer Crawford,44,New Brian
594,Heather Stephenson,52,West Diane
595,Patricia Mason,37,East Victoria
596,Crystal Clements,37,Stephaniefurt
597,Tracie Cook,34,Mcdanielberg
598,Aaron Gomez,34,Juliebury
599,Emily Melendez,43,Suzannefurt
600,Melanie Wang,45,Alantown
601,Jacqueline Jones,30,Kennedyton
602,Christopher Alexander,50,Ryanport
603,Christopher Moore,25,Johnville
604,Dennis Matthews,52,East Daniel
605,Elizabeth Stone,22,Karinabury
606,Joseph Hayes,58,Meadowsfort
607,Angela Owens,25,East Sarahmouth
608,Jacob Carney,18,Burnsville
609,Anne Barrett,54,Davisport
610,Mary Khan,41,Dominguezborough
611,Loretta Brooks,59,North Carolineberg
612,Stephanie Allison,24,Michaeltown
613,Briana Dennis,35,Lake Rachelstad
614,Renee Olson,32,East Holly
615,Derek Bowen,33,Lake Maryshire
616,Michael Savage,52,Elizabethbury
617,Frederick Choi,48,Brownmouth
618,Jennifer Morgan,57,Sullivanshire
619,Lori Frank,28,East Michelleberg
620,Stephanie Howard,37,Hawkinsborough
621,Nathaniel Bowman,56,Payneville
622,Gina Rhodes,48,New Kristinabury
623,Kristen Butler,46,Markville
624,Beth Smith,22,Johnsonborough
625,Cheryl Mason,32,Lake Anna
626,Dale Arias,18,Port Laurahaven
627,Joseph Wolf,46,South Bryanport
628,Elizabeth Gallegos,30,New Ashley
629,Bonnie Jones,48,South Hannahberg
630,Melinda Li,26,Port Robertfort
631,Sarah Henry,31,Hillhaven
632,Katherine Hall,46,North Arielview
633,Chase Hopkins,55,South Davidville
634,Jonathan Hopkins,34,Bakerside
635,Brittany Lee,39,Douglasville
636,Marcus Johnston,34,Paulshire
637,Jason Houston,56,New Paul
638,Julie Nelson,58,Port Heidiside
639,Samantha Guzman,59,West Matthewburgh
640,Tanya Hernandez,20,Nicholsonhaven
641,Jeffrey Newman Jr.,50,Christinashire
642,Jason Nelson,34,Lake Matthewton
643,Cynthia Marshall,46,Lake Kenneth
644,Robert Harris,21,Goodmanville
645,John Wright,31,West Donaldside
646,Jennifer Chang,30,South Robert
647,Sharon Miller,18,Careyside
648,John Nelson,55,Laurenfort
649,Brian Herrera,59,East Theresaside
650,Mark Morales,50,North Patriciabury
651,Ricardo Pearson,28,West Adamshire
652,Sergio Williams,44,West Jennifer
653,Samantha Jensen,42,Ericksonmouth
654,Morgan Snyder,56,Salinasshire
655,Joshua Mullins,60,New Suzanne
656,Theresa Pugh,46,East Jacob
657,David Cruz,51,North Victor
658,Mark Oliver,21,Sarahhaven
659,Cheyenne Cervantes,54,Port Lisastad
660,Jesse Michael,57,South Donna
661,Dr. John Davis DDS,52,Vanessaburgh
662,Kristen Grant,58,Michellefurt
663,Jeffrey Durham MD,53,West William
664,Troy Johnson,21,East Kristenton
665,Andrew Butler,45,Duncanside
666,Micheal Wolf,25,New Justin
667,Andrea Collins,19,South James
668,Natalie Evans,31,North Courtneymouth
669,Mr. Nicholas Moody DDS,23,Lake Raymond
670,Michael Murphy,57,Port Richard
671,Courtney Hart,21,South Donna
672,Omar Simon,54,North Garyborough
673,Brenda Hernandez,29,East Michael
674,Shelly Garcia,34,East Deborah
675,Charles Fuller,57,Murphyton
676,Susan Riley,53,Ronnieville
677,Marc Goodwin,45,North Nicholas
678,Maria Bennett,53,Hoshire
679,Megan Russell,57,North Victortown
680,Scott Jenkins,50,Christopherport
681,Raymond Willis,37,Herbertmouth
682,Karen Cooke,39,Lake Seanfort
683,Cameron Hutchinson,29,Lake Michael
684,Mark Taylor,59,Lewishaven
685,Kenneth Frank,59,Diazshire
686,Paul Rodriguez,52,Port Devin
687,Gerald Rogers,44,North Shawn
688,Erika Martinez,56,Bennettport
689,Mr. Michael Robinson MD,24,Baileyport
690,William English,53,Nguyenfort
691,Susan Nolan,55,Lake Gregory
692,Darren Frazier,46,Lake Dorothy
693,Sandra Jones,28,Stephaniehaven
694,Taylor French,50,South Bobby
695,William Jordan,32,South Cody
696,Ms. Kaitlyn Taylor DVM,60,South Danaview
697,Kelly Sanchez,43,Lopezshire
698,Jessica Perry,31,West Kristi
699,Taylor Sullivan,56,Jesusburgh
700,Christina Bush,24,Thomaston
701,Patricia Matthews,39,Wrightberg
702,Jennifer Thompson,58,North Sarahport
703,Joanna Freeman MD,18,North Damon
704,Maria Mclaughlin,36,Williamsbury
705,Shannon Butler,38,Martinbury
706,Tracy Diaz,18,Sancheztown
707,Dakota Collins,48,West Carmen
708,Daniel Jennings,25,Reginaldmouth
709,Barbara Mccarthy,49,Emilyhaven
710,Tiffany Marshall,25,Stevensshire
711,Kyle Graves,48,New Elizabethfurt
712,Sean Sparks,20,West Dennisbury
713,Jon Nichols,47,North Kimberlyland
714,Sarah Watkins,48,Lake Joseph
715,Andre Salinas,44,Jamesfort
716,William Holmes,28,Richardshaven
717,Kevin Gonzalez,20,Robertsmouth
718,Joseph Webb,40,North Sarah
719,Sabrina Shea,30,Scottborough
720,Travis Alvarez,19,South Sandy
721,Brian Murphy,40,Port Barrymouth
722,Jeremy Mcguire,34,Port Alice
723,Patricia Eaton,19,East Johnton
724,Gabriel Ramsey,26,Nicoleville
725,Karen Lopez,28,Ericburgh
726,James Anderson,44,North Mackenzieland
727,Stephen Burch,23,South Jeffreystad
728,John Conner,57,Gonzalesshire
729,Michael Odom,45,Savannahport
730,Michael Baker,54,Garrisonchester
731,Thomas Morgan,40,Ashleechester
732,Regina Warner,39,New Sean
733,Jill Compton,58,West Adamshire
734,Dillon Nguyen,59,New Michaelmouth
735,Sherri Baldwin,25,Wendyview
736,Charles Mcconnell Jr.,33,Blakeborough
737,Meagan Larson,20,Hamptonchester
738,Cameron Griffith,49,Clarkville
739,Jessica Campbell,32,Russotown
740,Jerry Brown,41,Wrightview
741,Mrs. Judy Drake,40,Patrickville
742,Gregory Moore,49,East Jennifer
743,Linda Bentley,27,Joannport
744,Mark Kim,33,South Brian
745,Nicholas Kelly,35,Chenbury
746,Wendy Martin,56,Ericview
747,Antonio Johnson,24,Lake John
748,Todd Diaz,58,Lake Anthonymouth
749,Samantha Dickson,37,North Bradley
750,Lisa Winters,59,Luistown
751,Robin Winters,47,Port Rodneyside
752,Kevin Hanson Jr.,31,Margaretburgh
753,Marcia Yang,36,Rodriguezstad
754,Thomas Bonilla,24,East Melindaville
755,Karen Bailey,44,Bowmanmouth
756,Jaclyn Clark,39,Aliciaburgh
757,Dylan Allen,58,New Janet
758,Sarah Warren,31,South Eric
759,John Ray,55,New Deborahmouth
760,Brenda Todd,27,New Joseph
761,Aaron Mckinney,51,Port Rachaelland
762,Dillon Sullivan,48,Martinezton
763,Erica Wilson,48,Lisahaven
764,Samantha Robinson,52,North Matthewberg
765,Lisa Moses,60,Johnsonshire
766,Jay Ellis,18,North Michelle
767,Aaron Johnson,50,New Frank
768,Stephanie Lowe,40,New Dustin
769,Joshua Gonzalez,25,Maryside
770,Angel Burton,56,Hendersontown
771,John Peterson,51,Juliamouth
772,Daniel Gibson,45,East Brandonland
773,Megan Flowers,21,Cobbfurt
774,Jennifer Wells,51,South Richardside
775,Kelly Nicholson,25,Jenniferchester
776,Daniel Smith,20,South Donnaberg
777,Suzanne Kim,60,Lake Monica
778,Timothy Campos,27,Curryberg
779,Justin Porter,51,Joelview
780,Carol Rivera,51,Hudsonbury
781,Daniel Cruz,39,West Kathleen
782,Raymond Davis,35,Port Pamelamouth
783,Logan Moreno,51,Port Donald
784,Jonathan Smith,55,Lake Brandontown
785,Jill Morgan,29,Malikmouth
786,Jaime Fowler,44,South Jordan
787,Kimberly Morgan,24,Port Evelynbury
788,Ronald Price,34,Angelicamouth
789,Sophia Leblanc,29,Port Ryan
790,Robert Suarez,27,Sancheztown
791,Madison Brooks,47,Lake Charlesmouth
792,John Hernandez,49,North Austinburgh
793,Jordan Trevino,51,West Wendy
794,Mrs. Katherine Reyes,43,East Frank
795,Charles Ramirez,20,Lawrenceland
796,Crystal Hartman,25,Lake Albert
797,Stacy Gonzalez,47,Paynemouth
798,Kristina Marquez,35,New Sarahland
799,Tonya Gonzales,24,South Jessicaton
800,Daniel Matthews,22,Stevenhaven
801,Cassandra Sullivan,24,New Cheryl
802,Robert Dennis,36,South Vincentchester
803,Ricky Jones,40,Christopherberg
804,Amy Torres,51,Port Beverlyburgh
805,Terry Price,56,Lake Williamchester
806,Justin Anderson,50,Calhounfurt
807,David Rodriguez,47,Port Joshua
808,Annette Stewart,33,Francoview
809,Maria Tran,51,Brianton
810,Jared Wood,41,North Jasonhaven
811,Joseph Sheppard,23,Port Alejandramouth
812,Diana Foster,22,Port Lori
813,Crystal Johnson,23,Cooperland
814,Angela Gibson,30,South Julianmouth
815,Paula Herrera,59,Heatherfort
816,Alexis Flowers,57,Port Michaelmouth
817,Susan Kelly,32,New Richard
818,Mrs. Jackie Hart MD,47,Cindymouth
819,Michael Bright,32,Port Logan
820,Nicole Gordon,40,West Paulburgh
821,Michael Kim,59,Michaelton
822,Austin Kidd,29,North Monica
823,Brett Hall,52,Williamsonburgh
824,Angela Alvarez,27,Port Terry
825,Hannah Hernandez,21,Alisonmouth
826,Michael Sawyer,59,Port Louismouth
827,Allison Ramirez,41,Johnsonchester
828,Dr. Jerry Strickland MD,22,Lisafort
829,Lindsey Jimenez,45,Olsonview
830,Kevin Barnett,34,Fitzgeraldland
831,Jeffrey Hansen,20,North Timothy
832,Phillip Austin,54,Laurenborough
833,Vanessa Middleton,55,Lake Shawn
834,Jeremy Wright,26,South Timothytown
835,Bryan Mcdonald,29,Hannahmouth
836,Michael Adams,48,Lake Wesley
837,Alexandria Garcia,57,Porterchester
838,Cindy Hughes,19,Port Brianhaven
839,Michael Rivers,23,Hahnton
840,Jessica Barrett,34,Lake Joshuaside
841,Paul Blair,59,Brettborough
842,Cassandra Crawford,23,Lake Amandaberg
843,Zachary Mcdaniel,32,Calvinfort
844,Donna Simon,21,Cooktown
845,Melinda Rosario,47,North Victoriaton
846,Ralph Smith,21,Port Ruben
847,Isaac Morris,47,Josephchester
848,Rachel Navarro,39,Lake Christopherstad
849,Kayla Perkins,58,North Davidland
850,Lawrence Brady,34,East Jamiemouth
851,Pamela Norris,32,Port Heatherville
852,Tamara Mendoza,38,Catherinemouth
853,Anna Jones,21,New Marie
854,Andrew Rodgers,44,New Patriciamouth
855,Diana Cisneros,59,West Philipbury
856,Jamie Deleon,50,South Cory
857,Joseph Lopez,34,Port Haileyland
858,Jason Brown,48,Benjaminfort
859,Erin Sanders,60,Jenkinsfort
860,John Crane,32,New Jack
861,Nicholas Mckenzie,41,Gardnerchester
862,William Young,21,Brittanymouth
863,Kimberly Schultz,42,Ingramland
864,Jonathan Oconnell,42,Darrellborough
865,Michael Johnston,30,Vaughanborough
866,Taylor Rodriguez,45,South Michele
867,Lisa Clay,59,New Ernest
868,Martin Middleton,23,North Robert
869,Jordan Wheeler,47,West Jason
870,Richard Lee,22,Peterside
871,John Nelson,49,Timothyfurt
872,David Jones,51,Stephenfort
873,Christine Garcia,60,Oliviafort
874,Jessica Pearson,21,Port Rachel
875,Holly Anderson,24,Paulhaven
876,Joshua Jacobs,33,South Sheilaview
877,Gregory Riley,32,Lake Grantside
878,Tyler Martinez,56,West Johnfort
879,Tammy Chung,53,Jonathanville
880,Makayla Rivera,31,New Marychester
881,Joseph Jordan,20,West Elizabethberg
882,Kim Day,36,Collinsfurt
883,Bridget Young,56,East Chasefort
884,Melissa Stewart,42,West Annaland
885,Jessica Lopez,24,East Angelicaside
886,Brooke Howard,59,South Ricardochester
887,Sheryl Campbell,26,North Kimberlychester
888,Dr. Tammy Patton,47,Foxstad
889,Nathan Newman,54,Port Hannah
890,Jennifer Brown,46,Bruceside
891,Holly Grimes,23,New Kristinport
892,Kaylee Lynch,59,Glennside
893,Christine Greene,28,Kimberlyburgh
894,Miguel Allen,55,Davidburgh
895,Joseph Davis,54,East Dannyburgh
896,Brandi Lane,22,Allisonshire
897,Deborah White,31,North Connor
898,Gregory Oconnor,39,West Robin
899,Ashley Donaldson,44,South Williambury
900,Jeff Mckay,43,Garcialand
901,Laura Cochran,21,North Oliviaberg
902,Joanne Cannon,56,Port Johnnyshire
903,Chad Rodriguez,48,Joelland
904,Mckenzie Martin,38,Smithfurt
905,Christopher Warner,19,Lake Dean
906,Tracy Harper,34,Johntown
907,April Garcia,53,South Sharonfort
908,Rebecca Gregory,51,Lake Cindy
909,Lisa Reid,27,Katrinatown
910,Gregg Morrison,46,Barnesbury
911,Joshua Roberts,32,Kristinaton
912,Elijah Chambers,46,Nicoleburgh
913,Jeffrey Mullen,36,Martinezmouth
914,Karen Perkins,41,Lake Timothyburgh
915,Sean Anderson,39,West Matthew
916,Justin Lopez,29,New Larryland
917,Aaron Miller,59,Tracymouth
918,Elizabeth Rojas,37,Robertside
919,Emma Lee,25,South Andrewfort
920,Kathleen Clarke,27,Theodorestad
921,Todd Brown,48,Port Rebeccashire
922,Tina Harrell,49,West Jorge
923,Jesse Kim,38,Allenfurt
924,Benjamin Skinner,20,Williamstown
925,Barry Rivera,34,Connieberg
926,Rebecca Taylor,39,East Samuelview
927,Janet Williams,37,East Loriville
928,Grant Jimenez,25,North Jonathanland
929,Raymond Brown,31,South Loriland
930,Gina Gomez,54,New Jamesburgh
931,Elizabeth Cruz,41,North Christopherport
932,Chelsea French,60,Robertland
933,Jason Scott,43,Raymondton
934,Gina Parker,20,West Shane
935,Nicholas Moody,52,Port Jeremy
936,Chad Marsh,60,New Elizabeth
937,Melissa Edwards,22,West Thomas
938,Gary Peterson,26,Ronaldland
939,Sarah Barton,51,New Scott
940,Daniel Salas,50,New Maryshire
941,Makayla Kennedy,52,West Rachel
942,Valerie Coleman,46,New Aaronborough
943,Morgan Jackson,38,Port Donald
944,Kimberly Castro,56,Butlerburgh
945,Karen Kline,56,Wolfside
946,Timothy Harris,41,East Nicholas
947,Pamela Fischer,29,Griffinside
948,Kathryn Castillo,55,Port Curtisbury
949,Natalie Sellers,42,Lake Jason
950,Ryan Perez DVM,23,New Jackmouth
951,Danny Gordon,26,Lake Bryan
952,Laura Brown,24,South Robert
953,Melissa Lucero,42,Craigmouth
954,Gregory Elliott,49,Erinton
955,Joshua Martinez,30,North Tonyachester
956,Cindy Mason,42,North Benjamin
957,Joshua Jackson,46,West Jacqueline
958,Matthew Williams,39,Hallbury
959,Jason Dennis,19,Sierraland
960,Kim Salinas,54,Port Pamela
961,Derek Ferguson,32,East Kristen
962,Joanna Gilbert,56,Thompsonview
963,Tina Roth MD,43,Port Carlton
964,Kristy Russell,41,Lake Richardberg
965,Jennifer Powers,36,Steveshire
966,Dustin Wade,20,Montoyashire
967,Darryl Russell,46,Port Jasonhaven
968,Jennifer Green,24,Danaport
969,Tracy Smith,19,Lisamouth
970,Nicholas Paul,59,Mahoneyview
971,Stacie Robinson,23,Bergerfort
972,Seth Stone,20,New Mary
973,Amy Bates,41,Port Andreberg
974,Christy Martinez,44,Hayeston
975,Scott Richards,33,Port Elizabeth
976,Benjamin French,25,Riverahaven
977,Steven Goodwin,44,Aaronfurt
978,Anthony Smith,46,Lopezville
979,Jeff Ruiz,53,Dyerfort
980,Bradley Williams,58,Lake Codychester
981,Carlos Prince,40,Harrischester
982,Mary Taylor,54,Woodschester
983,Courtney Stevens,59,West Nicoletown
984,Eric Potter,41,Pricefurt
985,Joseph Harrison,53,West David
986,Brianna Morris,28,New Melissa
987,Daniel Mccall,41,East Jamie
988,Benjamin Garza,24,South Nathan
989,Brent Middleton,32,Lake Ashley
990,Jessica Perez,58,New Mikeview
991,Timothy Moreno,29,New Monica
992,Joseph Scott,39,East Thomasland
993,Ronald Johnson,38,North Joel
994,Harry Gordon,21,Thomasshire
995,Terri Jones,20,Phillipsside
996,Nicholas Adams,48,Ginaland
997,Miranda Snow,35,Lake Kathy
998,Mr. Michael Mejia MD,30,South Elizabeth
999,Hannah Jones,47,East Dennisfort
